{
  "id": "Your Barrow",
  "caverns": [],
  "carddons": [],
  "links": [],
  "spaces": [
    {
      "id": "room-3",
      "type": "Room",
      "res": 1,
      "size": {
        "x": 10,
        "y": 10,
        "z": 10
      },
      "origin": {
        "x": 16.545630211401203,
        "y": 7.105427357601002e-15,
        "z": 1.9230295755815163
      },
      "chunks": {},
      "attrs": {},
      "rotation": {
        "x": 0,
        "y": 0,
        "z": 0
      },
      "voxelized": 1,
      "vox": {
        "res": 1,
        "size": {
          "x": 10,
          "y": 10,
          "z": 10
        },
        "data": {
          "codec": "rle",
          "rle": [
            0,
            134,
            3,
            2,
            0,
            7,
            3,
            4,
            0,
            6,
            3,
            4,
            0,
            7,
            3,
            2,
            0,
            57,
            3,
            4,
            0,
            5,
            3,
            2,
            1,
            2,
            3,
            2,
            0,
            4,
            3,
            1,
            1,
            4,
            3,
            1,
            0,
            4,
            3,
            1,
            1,
            4,
            3,
            1,
            0,
            4,
            3,
            2,
            1,
            2,
            3,
            2,
            0,
            5,
            3,
            4,
            0,
            37,
            3,
            2,
            0,
            6,
            3,
            2,
            1,
            2,
            3,
            2,
            0,
            4,
            3,
            1,
            1,
            4,
            3,
            1,
            0,
            3,
            3,
            1,
            1,
            6,
            3,
            1,
            0,
            2,
            3,
            1,
            1,
            6,
            3,
            1,
            0,
            3,
            3,
            1,
            1,
            4,
            3,
            1,
            0,
            4,
            3,
            2,
            1,
            2,
            3,
            2,
            0,
            6,
            3,
            2,
            0,
            27,
            3,
            4,
            0,
            5,
            3,
            1,
            1,
            4,
            3,
            1,
            0,
            3,
            3,
            1,
            1,
            6,
            3,
            1,
            0,
            2,
            3,
            1,
            1,
            6,
            3,
            1,
            0,
            2,
            3,
            1,
            1,
            6,
            3,
            1,
            0,
            2,
            3,
            1,
            1,
            6,
            3,
            1,
            0,
            3,
            3,
            1,
            1,
            4,
            3,
            1,
            0,
            5,
            3,
            4,
            0,
            26,
            3,
            4,
            0,
            5,
            3,
            1,
            1,
            4,
            3,
            1,
            0,
            3,
            3,
            1,
            1,
            6,
            3,
            1,
            0,
            2,
            3,
            1,
            1,
            6,
            3,
            1,
            0,
            2,
            3,
            1,
            1,
            6,
            3,
            1,
            0,
            2,
            3,
            1,
            1,
            6,
            3,
            1,
            0,
            3,
            3,
            1,
            1,
            4,
            3,
            1,
            0,
            5,
            3,
            4,
            0,
            27,
            3,
            2,
            0,
            6,
            3,
            2,
            1,
            2,
            3,
            2,
            0,
            4,
            3,
            1,
            1,
            4,
            3,
            1,
            0,
            3,
            3,
            1,
            1,
            6,
            3,
            1,
            0,
            2,
            3,
            1,
            1,
            6,
            3,
            1,
            0,
            3,
            3,
            1,
            1,
            4,
            3,
            1,
            0,
            4,
            3,
            2,
            1,
            2,
            3,
            2,
            0,
            6,
            3,
            2,
            0,
            37,
            3,
            4,
            0,
            5,
            3,
            2,
            1,
            2,
            3,
            2,
            0,
            4,
            3,
            1,
            1,
            4,
            3,
            1,
            0,
            4,
            3,
            1,
            1,
            4,
            3,
            1,
            0,
            4,
            3,
            2,
            1,
            2,
            3,
            2,
            0,
            5,
            3,
            4,
            0,
            57,
            3,
            2,
            0,
            7,
            3,
            4,
            0,
            6,
            3,
            4,
            0,
            7,
            3,
            2,
            0,
            134
          ]
        },
        "palette": {
          "Uninstantiated": 0,
          "Empty": 1,
          "Rock": 2,
          "Wall": 3
        },
        "bakedAt": 1759082514918,
        "source": "room-3",
        "wallThickness": 1,
        "hasRock": false,
        "shape": "box-hollow",
        "worldAligned": true
      }
    },
    {
      "id": "room-3-2",
      "type": "Room",
      "res": 1,
      "size": {
        "x": 10,
        "y": 10,
        "z": 10
      },
      "origin": {
        "x": 41,
        "y": 0,
        "z": 4
      },
      "chunks": {},
      "attrs": {},
      "rotation": {
        "x": 0,
        "y": 0,
        "z": 0
      },
      "voxelized": 1,
      "vox": {
        "res": 1,
        "size": {
          "x": 10,
          "y": 10,
          "z": 10
        },
        "data": {
          "codec": "rle",